The Table Bistro,+17063956599,7.0
home.made,+17062069216,4.5ff
The Place,+17068502988,4.5
Last Resort Grill,+17065490810,4.0
south Kitchen and Bar,+17063956125,4.0
The National,+17065493450,4.5
Five Bar,+17065435515,4.0
Pouch,+17063956696,4.5
5&10,+17065467300,3.5
seabear Oyster Bar,+17068504367,4.5
Catch 22 Gastropub,+17065496333,4.0
The Falls Restaurant,+17068502217,3.5
Trappeze Pub,+17065438997,4.0
Heirloom Cafe and Fresh Market,+17063547901,4.0
Craft Public House,+17068504363,4.0
LRG Provisions,+17068502020,4.0
Clocked,+17065489175,4.0
The Royal Peasant,+17065497920,4.5
The Pine Food & Drink,+17062080059,4.0
White Tiger Gourmet,+17063536847,4.5
Bone Island Grillhouse,+17066230255,4.0
The ExPat,+17065215041,4.0
The Grit,+17065436592,4.0
Dolce Vita Trattoria Italiana,+17063533911,3.5
Porterhouse Grill,+17063690990,4.0
George's Lowcountry Table,+17065483359,4.0
Iron Factory,+17063956877,4.0
Cali N Tito's,+17062279979,4.5
savannah Room,+17065426341,3.0
Donna Chang's,+17062159100,4.0
DePalma's Italian Cafe,+17063546966,3.5
Ted's Most Best,+17065431523,4.0
Viva Argentine Cuisine,+17068508284,4.0
The Rook & Pawn,+17065435040,4.5
Depalmas Italian Cafe,+17065521237,4.0
Big City Bread Cafe,+17063530029,4.0
Brett's Restaurant,+17068501395,4.5
Taziki's Mediterranean Cafe,+17062477619,4.5
The Foundry,+17063895549,3.5
Manna Weenta,+17068508422,4.5
Tlaloc El Mexicano,+17066139301,4.5
Champy's Famous Fried Chicken,+17068503092,4.5
Mama Jewel's Kitchen,+17068509797,4.0
The Globe,+17063534721,3.5
Hilltop Grille,+17063537667,3.0
Taqueria Tsunami,+17066217999,4.0
shokitini,+17063537933,4.0
Food For the Soul,+17065460052,4.5
Ahi Hibachi & Poke,+17065438898,4.5
Taqueria Tsunami,+17063530040,4.0
